{
  "ABIRoot": {
    "kind": "Root",
    "name": "TopLevel",
    "printedName": "TopLevel",
    "children": [
      {
        "kind": "Import",
        "name": "FoundationEssentials",
        "printedName": "FoundationEssentials",
        "declKind": "Import",
        "moduleName": "FoundationPreview",
        "declAttributes": [
          "Exported",
          "RawDocComment"
        ]
      },
      {
        "kind": "Import",
        "name": "FoundationInternationalization",
        "printedName": "FoundationInternationalization",
        "declKind": "Import",
        "moduleName": "FoundationPreview",
        "declAttributes": [
          "Exported"
        ]
      }
    ],
    "json_format_version": 8
  },
  "ConstValues": []
}